params_id,fold,learning_rate,batch,accuracy,precision,recall,f1,confusion_matrix
1,4,0.001,16,0.8239385474860336,0.8212547750432034,0.8239385474860336,0.8221698493876344,"[[ 8836  2512   512]
 [ 2307  9045   588]
 [  149   235 11616]]"
2,1,0.001,32,0.8312011173184357,0.8328901784800772,0.8312011173184357,0.8311832685265856,"[[ 9623  2034   203]
 [ 3017  8681   242]
 [  248   299 11453]]"
